sample	weighted_NSTI
s1	0.5580617768595041
s2	0.4626034452690168
s3	0.48721824812030085
