sequence	16S_rRNA_Count	metadata_NSTI
02905cfb87861c837dde629596d9272b	1	0.277669
03af6a6644bc358ee6716cbb44a5a479	1	0.49306400000000006
05f9281835817fddd06162cd69497a2d	1	0.34891
03562a221b15ef37470e4567e112f35f	4	0.6042350000000001
03cb13abd3f1c5444360e489460bdfb0	4	0.303883
